entry,drugs,primary,secondary
0,abacavir,nucleoside reverse transcriptase inhibitors,None
1,abacavir; dolutegravir; lamivudine,nucleoside reverse transcriptase inhibitors,hiv-integrase inhibitors
2,abacavir; lamivudine,nucleoside reverse transcriptase inhibitors,None
3,abacavir; lamivudine; zidovudine,nucleoside reverse transcriptase inhibitors,None
4,abatacept,t-cell activation inhibitors,None
5,abemaciclib,protein kinase inhibitors,None
6,abiraterone acetate,anti-androgens,None
7,acamprosate calcium,None,None
8,acarbose,None,None
9,acebutolol,"beta blocking agents, selective",None
10,aceclofenac,non-steroidal anti-inflammatory drugs,None
11,acenocoumarol,vitamin k antagonists,None
12,acetazolamide,carbonic anhydrase inhibitors,None
13,acetylcholine chloride,parasympathomimetics,None
14,acetylcysteine,"antidotes and chelators, other",ocular lubricants; mucolytics
15,aciclovir,nucleoside analogues,None
16,acipimox,nicotinic acid derivatives,None
17,acitretin,retinoid and related drugs,None
18,aclidinium bromide,"antimuscarinics, other",None
19,aclidinium bromide; formoterol,"antimuscarinics, other",selective beta2-agonists (long-acting)
20,acrivastine,non-sedating antihistamines,None
21,adalimumab,tumor necrosis factor alpha (tnf-a) inhibitors,None
22,adapalene,retinoid and related drugs,None
23,adapalene; benzoyl peroxide,retinoid and related drugs,peroxides
24,adefovir dipivoxil,nucleotide analogues,None
25,adenosine,"antiarrhythmics, other",None
26,adrenaline; articaine hydrochloride,"anaesthetics, local",None
27,adrenaline/epinephrine,"sympathomimetics, vasoconstrictor",None
28,afatinib,protein kinase inhibitors,None
29,aflibercept,vascular endothelial growth factor inhibitors,"antineoplastics, other"
30,agalsidase alfa,enzymes,None
31,agalsidase beta,enzymes,None
32,agomelatine,None,None
33,albendazole,anthelmintics,None
34,albumin solution,plasma products,None
35,alclometasone dipropionate,corticosteroids,None
36,alcohol,None,None
37,aldesleukin,None,None
38,alectinib,protein kinase inhibitors,None
39,alemtuzumab,"monoclonal antibodies, anti-lymphocyte",None
40,alendronic acid,bisphosphonates,None
41,alendronic acid; colecalciferol,bisphosphonates,vitamin d and analogues
42,alfacalcidol,vitamin d and analogues,None
43,alfentanil,opioids,None
44,alfuzosin hydrochloride,alpha-adrenoceptor blockers,None
45,alginic acid,"antacids, alginate",None
46,alglucosidase alfa,enzymes,None
47,alimemazine tartrate,sedating antihistamines,None
48,alirocumab,"lipid modifying drugs, other",None
49,aliskiren,None,None
50,alitretinoin,retinoid and related drugs,None
51,allopurinol,xanthine oxidase inhibitors,None
52,almond oil,softening drugs,None
53,almotriptan,triptans,None
54,alogliptin,dipeptidylpeptidase-4 inhibitors (gliptins),None
55,alogliptin; metformin,dipeptidylpeptidase-4 inhibitors (gliptins),biguanides
56,alpha tocopherol,vitamin e,None
57,alpha tocopheryl acetate,vitamin e,None
58,alprazolam,benzodiazepines,None
59,alprostadil,prostaglandins and analogues,None
60,alteplase,tissue plasminogen activators,None
61,aluminium acetate,astringents,None
62,aluminium chloride hexahydrate,astringents,None
63,alverine citrate,antispasmodics,None
64,amantadine hydrochloride,dopamine receptor agonists,"antivirals, influenza"
65,ambrisentan,endothelin receptor antagonists,None
66,amifampridine,cholinergic receptor stimulating drugs,None
67,amikacin,aminoglycosides,None
68,amiloride hydrochloride,"potassium-sparing diuretics, other",None
69,amiloride; bumetanide,"potassium-sparing diuretics, other",loop diuretics
70,aminophylline,xanthines,None
71,aminosalicylic acid,"antimycobacterials, other",None
72,amiodarone hydrochloride,"antiarrhythmics, class iii",None
73,amisulpride,"antipsychotics, second-generation",None
74,amitriptyline hydrochloride,tricyclic antidepressants,None
75,amlodipine,calcium-channel blockers,None
76,amlodipine; valsartan,calcium-channel blockers,angiotensin ii receptor antagonists
77,amorolfine,"antifungals, other",None
78,amoxicillin,"penicillins, broad-spectrum",None
79,amphotericin b,polyene antifungals,None
80,ampicillin,"penicillins, broad-spectrum",None
81,amsacrine,"antineoplastics, other",None
82,anagrelide,None,None
83,anakinra,interleukin inhibitors,None
84,anastrozole,aromatase inhibitors,None
85,andexanet alfa,"antidotes and chelators, other",None
86,"anethol; borneol, camphene, cineole, fenchone; pinene",terpenes,None
87,anidulafungin,echinocandin antifungals,None
88,antazoline; xylometazoline,antihistamines,None
89,anthrax vaccine,bacterial vaccines,None
90,anti-d (rh0) immunoglobulin,immunoglobulins,None
91,antithymocyte immunoglobulin (rabbit),immunoglobulins,None
92,apalutamide,anti-androgens,None
93,apixaban,factor xa inhibitors,None
94,apomorphine hydrochloride,dopamine receptor agonists,None
95,apraclonidine,alpha2-adrenoceptor agonists,None
96,apremilast,phosphodiesterase type-4 inhibitors,None
97,aprepitant,neurokinin receptor antagonists,None
98,arachis oil,softening laxatives,None
99,argatroban monohydrate,"thrombin inhibitors, direct",None
100,aripiprazole,"antipsychotics, second-generation","antipsychotics, second-generation (depot injections)"
101,arsenic trioxide,"antineoplastics, other",None
102,artemether; lumefantrine,antimalarials,None
103,artenimol; piperaquine phosphate,antimalarials,None
104,ascorbic acid,vitamin c,None
105,asenapine,"antipsychotics, second-generation",None
106,asfotase alfa,enzymes,None
107,asparaginase,"antineoplastics, other",None
108,aspirin,antiplatelet drugs,non-steroidal anti-inflammatory drugs
109,aspirin; codeine,non-steroidal anti-inflammatory drugs,opioids
110,aspirin; metoclopramide,non-steroidal anti-inflammatory drugs,dopamine receptor antagonists
111,ataluren,drugs for neuromuscular disorders,None
112,atazanavir,"protease inhibitors, hiv",None
113,atazanavir; cobicistat,"protease inhibitors, hiv",pharmacokinetic enhancers
114,atenolol,"beta blocking agents, selective",None
115,atenolol; nifedipine,"beta blocking agents, selective",calcium-channel blockers
116,atezolizumab,monoclonal antibodies,None
117,atomoxetine,centrally acting sympathomimetics,None
118,atorvastatin,statins,None
119,atosiban,None,None
120,atovaquone,"antiprotozoals, other",None
121,atovaquone; proguanil hydrochloride,antimalarials,None
122,atracurium besilate,"neuromuscular blocking drugs, non-depolarising",None
123,atropine sulfate,"antimuscarinics, other",None
124,avanafil,phosphodiesterase type-5 inhibitors,None
125,avelumab,monoclonal antibodies,None
126,aviptadil; phentolamine mesilate,peripheral vasodilators,None
127,axitinib,protein kinase inhibitors,None
128,azacitidine,antimetabolites,None
129,azathioprine,antimetabolites,None
130,azelaic acid,None,None
131,azelastine hydrochloride,antihistamines,None
132,azilsartan medoxomil,angiotensin ii receptor antagonists,None
133,azithromycin,macrolides,None
134,aztreonam,None,None
135,bacillus calmette-guérin,"immunostimulants, other",None
136,bacillus calmette-guérin vaccine,bacterial vaccines,None
137,baclofen,"muscle relaxants, centrally acting",None
138,balsalazide sodium,aminosalicylates,None
139,bambuterol hydrochloride,selective beta2-agonists (long-acting),None
140,baricitinib,jak inhibitors,None
141,barrier creams; ointments,None,None
142,basiliximab,"monoclonal antibodies, anti-lymphocyte",None
143,beclometasone dipropionate,corticosteroids,None
144,beclometasone; formoterol,corticosteroids,selective beta2-agonists (long-acting)
145,beclometasone; formoterol; glycopyrronium,corticosteroids,"selective beta2-agonists (long-acting); antimuscarinics, other"
146,bedaquiline,"antimycobacterials, other",None
147,bee venom extract,allergen-type vaccines,None
148,belatacept,t-cell activation inhibitors,None
149,belimumab,"monoclonal antibodies, anti-lymphocyte",None
150,bendamustine hydrochloride,alkylating agents,None
151,bendroflumethiazide,thiazides and related diuretics,None
152,benperidol,"antipsychotics, first-generation",None
153,benralizumab,monoclonal antibodies,None
154,benzalkonium chloride,"antiseptics and disinfectants, other",None
155,benzathine benzylpenicillin,"penicillins, beta-lactamase sensitive",None
156,benzoic acid; salicylic acid,None,None
157,"benzoin tincture, compound",None,None
158,benzoyl peroxide,peroxides,None
159,benzoyl peroxide; clindamycin,peroxides,lincosamides
160,benzydamine hydrochloride,non-steroidal anti-inflammatory drugs,None
161,benzyl benzoate,parasiticides,None
162,"benzyl benzoate; bismuth oxide, bismuth subgallate, hydrocortisone acetate, peru balsam; zinc oxide",corticosteroids,None
163,benzylpenicillin sodium,"penicillins, beta-lactamase sensitive",None
164,betahistine dihydrochloride,None,None
165,betaine,None,None
166,betamethasone,corticosteroids,None
167,betamethasone; clioquinol,corticosteroid combinations with anti-infectives,None
168,betamethasone; clotrimazole,corticosteroid combinations with anti-infectives,None
169,betamethasone; fusidic acid,corticosteroid combinations with anti-infectives,None
170,betamethasone; neomycin,corticosteroid combinations with anti-infectives,None
171,betamethasone; salicylic acid,corticosteroid combinations with anti-infectives,None
172,betaxolol,"beta blocking agents, selective",None
173,bethanechol chloride,None,None
174,bevacizumab,monoclonal antibodies,None
175,bexarotene,retinoid and related drugs,None
176,bezafibrate,fibrates,None
177,bezlotoxumab,antitoxins,None
178,bicalutamide,anti-androgens,None
179,bictegravir; emtricitabine; tenofovir alafenamide,nucleoside reverse transcriptase inhibitors,hiv-integrase inhibitors
180,bilastine,non-sedating antihistamines,None
181,bimatoprost,prostamides,None
182,bimatoprost; timolol,prostamides,"beta blocking agents, non-selective"
183,binimetinib,protein kinase inhibitors,None
184,biphasic insulin aspart,"insulins, intermediate-acting combined with rapid-acting",None
185,biphasic insulin lispro,"insulins, intermediate-acting combined with rapid-acting",None
186,biphasic isophane insulin,"insulins, intermediate-acting",None
187,bisacodyl,stimulant laxatives,None
188,bismuth subsalicylate,antacids,None
189,bisoprolol fumarate,"beta blocking agents, selective",None
190,bivalirudin,"thrombin inhibitors, direct",None
191,bleomycin,cytotoxic antibiotics and related substances,None
192,blinatumomab,monoclonal antibodies,None
193,"borneol; camphene, cineole, menthol, menthone; pinene",terpenes,None
194,bortezomib,proteasome inhibitors,None
195,bosentan,endothelin receptor antagonists,None
196,bosutinib,protein kinase inhibitors,None
197,botulinum toxin type a,neurotoxins (botulinum toxins),None
198,botulinum toxin type b,neurotoxins (botulinum toxins),None
199,botulism antitoxin,antitoxins,None
200,brentuximab vedotin,monoclonal antibodies,None
201,brigatinib,protein kinase inhibitors,None
202,brimonidine tartrate,alpha2-adrenoceptor agonists,None
203,brimonidine; timolol,alpha2-adrenoceptor agonists,"beta blocking agents, non-selective"
204,brinzolamide,carbonic anhydrase inhibitors,None
205,brinzolamide; brimonidine,carbonic anhydrase inhibitors,alpha2-adrenoceptor agonists
206,brinzolamide; timolol,carbonic anhydrase inhibitors,"beta blocking agents, non-selective"
207,brivaracetam,antiepileptics,None
208,brodalumab,interleukin inhibitors,None
209,brolucizumab,vascular endothelial growth factor inhibitors,None
210,bromfenac,non-steroidal anti-inflammatory drugs,None
211,bromocriptine,dopamine receptor agonists,None
212,budesonide,corticosteroids,None
213,budesonide; formoterol,corticosteroids,selective beta2-agonists (long-acting)
214,bumetanide,loop diuretics,None
215,bupivacaine hydrochloride,"anaesthetics, local",None
216,bupivacaine; adrenaline,"anaesthetics, local","sympathomimetics, vasoconstrictor"
217,bupivacaine; fentanyl,"anaesthetics, local",opioids
218,buprenorphine,opioids,None
219,buprenorphine; naloxone,opioid receptor antagonists,opioids
220,bupropion hydrochloride,serotonin and noradrenaline re-uptake inhibitors,None
221,buserelin,gonadotrophin-releasing hormones,None
222,buspirone hydrochloride,None,None
223,busulfan,alkylating agents,None
224,c1-esterase inhibitor,complement regulatory proteins,None
225,cabazitaxel,taxanes,None
226,cabergoline,dopamine receptor agonists,None
227,cabozantinib,protein kinase inhibitors,None
228,calamine; zinc oxide,antipruritics,None
229,calcipotriol,vitamin d and analogues,None
230,calcipotriol; betamethasone,corticosteroids,vitamin d and analogues
231,calcitonin (salmon),bone resorption inhibitors,None
232,calcitriol,vitamin d and analogues,None
233,calcium acetate,calcium,None
234,calcium acetate; magnesium carbonate,phosphate binders,None
235,calcium carbonate,calcium,None
236,calcium carbonate; calcium lactate gluconate,calcium,None
237,calcium chloride,calcium,None
238,calcium gluconate,calcium,None
239,calcium lactate,calcium,None
240,calcium phosphate,calcium,None
241,calcium polystyrene sulfonate,cation exchange compounds,None
242,camellia sinensis,plant alkaloids,None
243,canagliflozin,sodium glucose co-transporter 2 inhibitors,None
244,canagliflozin; metformin,sodium glucose co-transporter 2 inhibitors,biguanides
245,canakinumab,monoclonal antibodies,None
246,candesartan cilexetil,angiotensin ii receptor antagonists,None
247,cangrelor,antiplatelet drugs,None
248,cannabidiol,antiepileptics,None
249,cannabis extract,cannabinoids,None
250,capecitabine,antimetabolites,None
251,caplacizumab,antithrombotic drugs,None
252,capreomycin,"antimycobacterials, other",None
253,capsaicin,plant alkaloids,None
254,captopril,ace inhibitors,None
255,carbamazepine,antiepileptics,None
256,carbetocin,oxytocin and analogues,None
257,carbimazole,None,None
258,carbocisteine,mucolytics,None
259,carbomers,ocular lubricants,None
260,carboplatin,platinum compounds,None
261,carboprost,prostaglandins and analogues,None
262,carfilzomib,proteasome inhibitors,None
263,carglumic acid,amino acids and derivatives,None
264,cariprazine,"antipsychotics, second-generation",None
265,carmellose sodium,ocular lubricants,None
266,carmustine,alkylating agents,None
267,carvedilol,alpha- and beta-adrenoceptor blockers,None
268,caspofungin,echinocandin antifungals,None
269,castor oil; collodion; colophony,None,None
270,cefaclor,"cephalosporins, second-generation",None
271,cefadroxil,"cephalosporins, first-generation",None
272,cefalexin,"cephalosporins, first-generation",None
273,cefazolin,"cephalosporins, first-generation",None
274,cefepime,"cephalosporins, other",None
275,cefixime,"cephalosporins, third-generation",None
276,cefotaxime,"cephalosporins, third-generation",None
277,cefoxitin,"cephalosporins, second-generation",None
278,cefradine,"cephalosporins, first-generation",None
279,ceftaroline fosamil,"cephalosporins, other",None
280,ceftazidime,"cephalosporins, third-generation",None
281,ceftazidime; avibactam,"cephalosporins, third-generation with beta-lactamase inhibitor",None
282,ceftobiprole,"cephalosporins, other",None
283,ceftolozane; tazobactam,"cephalosporins, third-generation with beta-lactamase inhibitor",None
284,ceftriaxone,"cephalosporins, third-generation",None
285,cefuroxime,"cephalosporins, second-generation",None
286,celecoxib,non-steroidal anti-inflammatory drugs,None
287,celiprolol hydrochloride,"beta blocking agents, selective",None
288,cemiplimab,monoclonal antibodies,None
289,cenegermin,None,None
290,ceritinib,protein kinase inhibitors,None
291,certolizumab pegol,tumor necrosis factor alpha (tnf-a) inhibitors,None
292,cetirizine hydrochloride,non-sedating antihistamines,None
293,cetrimide; undecenoic acid,undecenoates,None
294,cetrorelix,anti-gonadotrophin-releasing hormones,None
295,cetuximab,monoclonal antibodies,None
296,"charcoal, activated",None,None
297,chenodeoxycholic acid,bile acids,None
298,chloral hydrate,non-benzodiazepine hypnotics and sedatives,None
299,chlorambucil,alkylating agents,None
300,chloramphenicol,"antibacterials, other",None
301,chlordiazepoxide hydrochloride,benzodiazepines,None
302,chlorhexidine,"antiseptics and disinfectants, other",None
303,chlorhexidine gluconate; isopropyl alcohol,"antiseptics and disinfectants, other",None
304,chlorhexidine; cetrimide,"antiseptics and disinfectants, other",None
305,chlorhexidine; lidocaine,"antiseptics and disinfectants, other","anaesthetics, local"
306,chlorhexidine; neomycin,aminoglycosides,None
307,chlorhexidine; nystatin,"antiseptics and disinfectants, other",None
308,chlormethine,alkylating agents,None
309,chloroprocaine hydrochloride,"anaesthetics, local",None
310,chloroquine,antimalarials,None
311,chloroquine; proguanil,antimalarials,None
312,chlorphenamine maleate,sedating antihistamines,None
313,chlorpromazine hydrochloride,"antipsychotics, first-generation",None
314,chlortalidone,thiazides and related diuretics,None
315,cholera vaccine,bacterial vaccines,None
316,cholic acid,bile acids,None
317,choline salicylate,salicylic acid and derivatives,None
318,choriogonadotropin alfa,gonadotrophins,None
319,ciclesonide,corticosteroids,None
320,ciclosporin,calcineurin inhibitors and related drugs,None
321,cidofovir,nucleoside analogues,None
322,cilostazol,antiplatelet drugs,None
323,cimetidine,h2-receptor antagonists,None
324,cinacalcet,bone resorption inhibitors,None
325,cinchocaine hydrochloride; fluocortolone caproate; fluocortolone pivalate,corticosteroids,amides
326,cinchocaine; hydrocortisone,corticosteroids,amides
327,cinchocaine; prednisolone,corticosteroids,amides
328,cinnarizine,sedating antihistamines,None
329,cinnarizine; dimenhydrinate,sedating antihistamines,None
330,ciprofibrate,fibrates,None
331,ciprofloxacin,quinolones,None
332,ciprofloxacin; dexamethasone,corticosteroid combinations with anti-infectives,None
333,ciprofloxacin; fluocinolone acetonide,corticosteroid combinations with anti-infectives,None
334,cisatracurium,"neuromuscular blocking drugs, non-depolarising",None
335,cisplatin,platinum compounds,None
336,citalopram,selective serotonin re-uptake inhibitors,None
337,citric acid,None,None
338,citric acid; magnesium carbonate,osmotic laxatives,None
339,citric acid; potassium citrate,"alkalising drugs, urinary",None
340,cladribine,antimetabolites,None
341,clarithromycin,macrolides,None
342,clemastine,sedating antihistamines,None
343,clindamycin,lincosamides,None
344,clobazam,benzodiazepines,None
345,clobetasol propionate,corticosteroids,None
346,clobetasol propionate; neomycin sulfate; nystatin,corticosteroid combinations with anti-infectives,None
347,clobetasone butyrate,corticosteroids,None
348,clobetasone butyrate; nystatin; oxytetracycline,corticosteroid combinations with anti-infectives,None
349,clofarabine,antimetabolites,None
350,clofazimine,"antimycobacterials, other",None
351,clomethiazole,non-benzodiazepine hypnotics and sedatives,None
352,clomifene citrate,None,None
353,clomipramine hydrochloride,tricyclic antidepressants,None
354,clonazepam,benzodiazepines,None
355,clonidine hydrochloride,"antihypertensives, centrally acting",None
356,clopidogrel,antiplatelet drugs,None
357,clotrimazole,imidazole antifungals,None
358,clozapine,"antipsychotics, second-generation",None
359,co-amilofruse,loop diuretics,"potassium-sparing diuretics, other"
360,co-amilozide,thiazides and related diuretics,"potassium-sparing diuretics, other"
361,co-amoxiclav,None,None
362,co-beneldopa,dopamine precursors,None
363,co-careldopa,dopamine precursors,None
364,co-codamol,opioids,None
365,co-cyprindiol,anti-androgens,None
366,co-danthramer,stimulant laxatives,None
367,co-danthrusate,stimulant laxatives,softening laxatives
368,co-fluampicil,"penicillins, broad-spectrum",None
369,co-flumactone,aldosterone antagonists,thiazides and related diuretics
370,co-magaldrox,"antacids, aluminium and magnesium",None
371,co-phenotrope,antipropulsives,None
372,co-simalcite,"antacids, aluminium and magnesium",None
373,co-tenidone,"beta blocking agents, selective",thiazides and related diuretics
374,co-triamterzide,thiazides and related diuretics,"potassium-sparing diuretics, other"
375,co-trimoxazole,sulfonamides,"antibacterials, other"
376,coal tar,tars,None
377,coal tar; calamine,tars,antipruritics
378,coal tar; coconut oil; salicylic acid,tars,salicylic acid and derivatives
379,coal tar; dithranol; salicylic acid,tars,antracen derivatives; salicylic acid and derivatives
380,coal tar; salicylic acid,tars,salicylic acid and derivatives
381,coal tar; salicylic acid; precipitated sulfur,tars,salicylic acid and derivatives
382,coal tar; zinc oxide,tars,astringents
383,cobicistat,pharmacokinetic enhancers,None
384,cobimetinib,protein kinase inhibitors,None
385,codeine phosphate,opioids,cough suppressants
386,colchicine,plant alkaloids,None
387,colecalciferol,vitamin d and analogues,None
388,colecalciferol; calcium carbonate,vitamin d and analogues,calcium
389,colecalciferol; calcium phosphate,vitamin d and analogues,calcium
390,colesevelam hydrochloride,bile acid sequestrants,None
391,colestipol hydrochloride,bile acid sequestrants,None
392,colestyramine,bile acid sequestrants,None
393,colistimethate sodium,None,None
394,conestat alfa,complement regulatory proteins,None
395,conjugated oestrogens (equine),oestrogens,None
396,conjugated oestrogens; bazedoxifene acetate,oestrogens,None
397,conjugated oestrogens; medroxyprogesterone,oestrogens combined with progestogens,None
398,cranberry juice,None,None
399,crisantaspase,"antineoplastics, other",None
400,crizotinib,protein kinase inhibitors,None
401,crotamiton,antipruritics,None
402,cyanocobalamin,vitamin b group,None
403,cyclizine,antihistamines,None
404,cyclopentolate hydrochloride,"antimuscarinics, other",None
405,cyclophosphamide,alkylating agents,None
406,cycloserine,"antimycobacterials, other",None
407,cyproheptadine hydrochloride,sedating antihistamines,None
408,cyproterone acetate,anti-androgens,None
409,cytarabine,antimetabolites,None
410,cytomegalovirus immunoglobulin,immunoglobulins,None
411,dabigatran etexilate,"thrombin inhibitors, direct",None
412,dabrafenib,protein kinase inhibitors,None
413,dacarbazine,alkylating agents,None
414,dacomitinib,protein kinase inhibitors,None
415,dairy products,None,None
416,dalbavancin,glycopeptide antibacterials,None
417,dalteparin sodium,heparins,None
418,danaparoid sodium,heparinoids,None
419,danazol,anti-gonadotrophin-releasing hormones,None
420,dantrolene sodium,None,None
421,dapagliflozin,sodium glucose co-transporter 2 inhibitors,None
422,dapagliflozin; metformin,sodium glucose co-transporter 2 inhibitors,biguanides
423,dapoxetine,selective serotonin re-uptake inhibitors,None
424,dapsone,"antimycobacterials, other",None
425,daptomycin,"antibacterials, other",None
426,daratumumab,monoclonal antibodies,None
427,darbepoetin alfa,epoetins,None
428,darifenacin,"antimuscarinics, urinary",None
429,darolutamide,anti-androgens,None
430,darunavir,"protease inhibitors, hiv",None
431,darunavir; cobicistat,"protease inhibitors, hiv",pharmacokinetic enhancers
432,"darunavir; cobicistat, emtricitabine; tenofovir alafenamide","protease inhibitors, hiv",pharmacokinetic enhancers; nucleoside reverse transcriptase inhibitors
433,dasabuvir,"antivirals, other",None
434,dasatinib,protein kinase inhibitors,None
435,daunorubicin,anthracyclines and related drugs,None
436,daunorubicin; cytarabine,anthracyclines and related drugs,antimetabolites
437,decitabine,antimetabolites,None
438,deferasirox,iron chelators,None
439,deferiprone,iron chelators,None
440,deflazacort,corticosteroids,None
441,degarelix,anti-gonadotrophin-releasing hormones,None
442,delafloxacin,quinolones,None
443,delamanid,"antimycobacterials, other",None
444,demeclocycline hydrochloride,tetracyclines and related drugs,None
445,denosumab,monoclonal antibodies,None
446,dequalinium chloride,"antiseptics and disinfectants, other",None
447,desferrioxamine mesilate,iron chelators,None
448,desflurane,volatile liquid anaesthetics,None
449,desloratadine,non-sedating antihistamines,None
450,desmopressin,vasopressin and analogues,None
451,desogestrel,progestogens,None
452,dexamethasone,corticosteroids,None
453,dexamethasone; framycetin sulfate; gramicidin,corticosteroid combinations with anti-infectives,None
454,dexamethasone; glacial acetic acid; neomycin sulfate,corticosteroid combinations with anti-infectives,None
455,"dexamethasone; hypromellose, neomycin; polymyxin b sulfate",corticosteroid combinations with anti-infectives,None
456,dexamethasone; tobramycin,corticosteroid combinations with anti-infectives,None
457,dexamfetamine sulfate,amfetamines,None
458,dexibuprofen,non-steroidal anti-inflammatory drugs,None
459,dexketoprofen,non-steroidal anti-inflammatory drugs,None
460,dexmedetomidine,non-benzodiazepine hypnotics and sedatives,None
461,dexrazoxane,iron chelators,None
462,diamorphine hydrochloride,opioids,None
463,diazepam,benzodiazepines,None
464,diazoxide,glycogenolytic hormones,None
465,diclofenac,non-steroidal anti-inflammatory drugs,None
466,diclofenac potassium,non-steroidal anti-inflammatory drugs,None
467,diclofenac sodium,non-steroidal anti-inflammatory drugs,None
468,diclofenac sodium; misoprostol,non-steroidal anti-inflammatory drugs,prostaglandins and analogues
469,dicobalt edetate,"antidotes and chelators, other",None
470,dicycloverine hydrochloride,"antimuscarinics, other",None
471,"dicycloverine hydrochloride; aluminium hydroxide, magnesium oxide; simeticone","antimuscarinics, other",None
472,dienogest,progestogens,None
473,dienogest; estradiol valerate,oestrogens combined with progestogens,None
474,diethyl phthalate; methyl salicylate,"antiseptics and disinfectants, other",None
475,diethylcarbamazine,anthelmintics,None
476,diethylstilbestrol,oestrogens,None
477,diflucortolone valerate,corticosteroids,None
478,digoxin,None,None
479,digoxin-specific antibody,None,None
480,dihydrocodeine tartrate,opioids,None
481,dihydrocodeine; paracetamol,opioids,None
482,dihydrotachysterol,vitamin d and analogues,None
483,diltiazem hydrochloride,calcium-channel blockers,None
484,dimethyl fumarate,immunomodulating drugs,None
485,dimeticone,parasiticides,None
486,dinoprostone,prostaglandins and analogues,None
487,dinutuximab beta,monoclonal antibodies,None
488,diphtheria antitoxin,antitoxins,None
489,diphtheria; tetanus; poliomyelitis vaccine,"bacterial and viral vaccines, combined",None
490,"diphtheria; tetanus, pertussis; poliomyelitis vaccine","bacterial and viral vaccines, combined",None
491,"diphtheria; tetanus, pertussis, hepatitis b, poliomyelitis; haemophilus influenzae type b vaccine","bacterial and viral vaccines, combined",None
492,"diphtheria; tetanus, pertussis, poliomyelitis; haemophilus influenzae type b vaccine","bacterial and viral vaccines, combined",None
493,dipipanone hydrochloride; cyclizine,opioids,None
494,dipyridamole,antiplatelet drugs,None
495,dipyridamole; aspirin,antiplatelet drugs,None
496,"disodium hydrogen citrate; glucose, potassium chloride; sodium chloride",oral rehydration salts,None
497,disopyramide,None,None
498,disulfiram,None,None
499,dithranol,antracen derivatives,None
500,dithranol; salicylic acid; zinc oxide,antracen derivatives,None
501,dobutamine,"sympathomimetics, inotropic",None
502,docetaxel,taxanes,None
503,docusate sodium,softening laxatives,stimulant laxatives; softening drugs
504,dolutegravir,hiv-integrase inhibitors,None
505,dolutegravir; rilpivirine,hiv-integrase inhibitors,non-nucleoside reverse transcriptase inhibitors
506,domperidone,dopamine receptor antagonists,None
507,donepezil hydrochloride,"anticholinesterases, centrally acting",None
508,dopamine hydrochloride,"sympathomimetics, inotropic",None
509,doravirine,non-nucleoside reverse transcriptase inhibitors,None
510,dornase alfa,mucolytics,None
511,dorzolamide,carbonic anhydrase inhibitors,None
512,dorzolamide; timolol,carbonic anhydrase inhibitors,"beta blocking agents, non-selective"
513,dosulepin hydrochloride,tricyclic antidepressants,None
514,doxapram hydrochloride,None,None
515,doxazosin,alpha-adrenoceptor blockers,None
516,doxepin,tricyclic antidepressants,antipruritics
517,doxorubicin hydrochloride,anthracyclines and related drugs,None
518,doxycycline,tetracyclines and related drugs,None
519,doxylamine; pyridoxine,antihistamines,vitamin b group
520,dried prothrombin complex,coagulation proteins,None
521,dronedarone,"antiarrhythmics, class iii",None
522,droperidol,"antipsychotics, first-generation",None
523,dulaglutide,glucagon-like peptide-1 receptor agonists,None
524,duloxetine,serotonin and noradrenaline re-uptake inhibitors,None
525,dupilumab,interleukin inhibitors,None
526,durvalumab,monoclonal antibodies,None
527,dutasteride,5α-reductase inhibitors,None
528,econazole nitrate,imidazole antifungals,None
529,eculizumab,monoclonal antibodies,None
530,edoxaban,factor xa inhibitors,None
531,efavirenz,non-nucleoside reverse transcriptase inhibitors,None
532,efavirenz; emtricitabine; tenofovir disoproxil,nucleoside reverse transcriptase inhibitors,non-nucleoside reverse transcriptase inhibitors
533,eflornithine,"antiprotozoals, other",None
534,elbasvir; grazoprevir,hcv inhibitors,"protease inhibitors, hepatitis"
535,eletriptan,triptans,None
536,eliglustat,glucosylceramide synthase inhibitors,None
537,elosulfase alfa,enzymes,None
538,elotuzumab,monoclonal antibodies,None
539,eltrombopag,thrombopoietin receptor agonists,None
540,elvitegravir,hiv-integrase inhibitors,None
541,"elvitegravir; cobicistat, emtricitabine; tenofovir alafenamide",nucleoside reverse transcriptase inhibitors,pharmacokinetic enhancers; hiv-integrase inhibitors
542,"elvitegravir; cobicistat, emtricitabine; tenofovir disoproxil",nucleoside reverse transcriptase inhibitors,pharmacokinetic enhancers; hiv-integrase inhibitors
543,emicizumab,haemostatics,None
544,"emollient bath; shower products, antimicrobial-containing",emollients,None
545,"emollient bath; shower products, paraffin-containing",emollients,None
546,"emollient bath; shower products, soya-bean oil-containing",emollients,None
547,"emollient bath; shower products, tar-containing",emollients,None
548,"emollient creams; ointments, antimicrobial-containing",emollients,None
549,"emollient creams; ointments, colloidal oatmeal-containing",emollients,None
550,"emollient creams; ointments, paraffin-containing",emollients,None
551,"emollients, urea-containing",emollients,None
552,empagliflozin,sodium glucose co-transporter 2 inhibitors,None
553,empagliflozin; linagliptin,sodium glucose co-transporter 2 inhibitors,dipeptidylpeptidase-4 inhibitors (gliptins)
554,empagliflozin; metformin,sodium glucose co-transporter 2 inhibitors,biguanides
555,emtricitabine,nucleoside reverse transcriptase inhibitors,None
556,emtricitabine; rilpivirine; tenofovir alafenamide,nucleoside reverse transcriptase inhibitors,non-nucleoside reverse transcriptase inhibitors
557,emtricitabine; rilpivirine; tenofovir disoproxil,nucleoside reverse transcriptase inhibitors,non-nucleoside reverse transcriptase inhibitors
558,emtricitabine; tenofovir alafenamide,nucleoside reverse transcriptase inhibitors,None
559,emtricitabine; tenofovir disoproxil,nucleoside reverse transcriptase inhibitors,None
560,enalapril maleate,ace inhibitors,None
561,enalapril; hydrochlorothiazide,ace inhibitors,thiazides and related diuretics
562,encorafenib,protein kinase inhibitors,None
563,enfuvirtide,None,None
564,enoxaparin sodium,heparins,None
565,enoximone,phosphodiesterase type-3 inhibitors,None
566,entacapone,catechol-o-methyltransferase inhibitors,None
567,entecavir,nucleoside analogues,None
568,enteral feeds,None,None
569,enzalutamide,anti-androgens,None
570,ephedrine hydrochloride,"sympathomimetics, vasoconstrictor",None
571,epinastine hydrochloride,antihistamines,None
572,epirubicin hydrochloride,anthracyclines and related drugs,None
573,eplerenone,aldosterone antagonists,None
574,epoetin alfa,epoetins,None
575,epoetin beta,epoetins,None
576,epoetin zeta,epoetins,None
577,epoprostenol,prostaglandins and analogues,None
578,eprosartan,angiotensin ii receptor antagonists,None
579,eptifibatide,glycoprotein iib/iiia inhibitors,None
580,erdosteine,mucolytics,None
581,erenumab,calcitonin gene-related peptide inhibitors,None
582,ergocalciferol,vitamin d and analogues,None
583,ergocalciferol; calcium lactate; calcium phosphate,vitamin d and analogues,calcium
584,ergometrine maleate,ergot alkaloids,None
585,ergometrine; oxytocin,ergot alkaloids,oxytocin and analogues
586,ergotamine tartrate,ergot alkaloids,None
587,ergotamine tartrate; caffeine hydrate; cyclizine hydrochloride,ergot alkaloids,sedating antihistamines
588,eribulin,"antineoplastics, other",None
589,erlotinib,protein kinase inhibitors,None
590,ertapenem,carbapenems,None
591,ertugliflozin,sodium glucose co-transporter 2 inhibitors,None
592,erythromycin,macrolides,None
593,erythromycin; zinc acetate,macrolides,None
594,escitalopram,selective serotonin re-uptake inhibitors,None
595,esketamine,nmda receptor antagonists,None
596,eslicarbazepine acetate,antiepileptics,None
597,esmolol hydrochloride,"beta blocking agents, selective",None
598,esomeprazole,proton pump inhibitors,None
599,estradiol,oestrogens,None
600,estradiol; dydrogesterone,oestrogens combined with progestogens,None
601,estradiol; levonorgestrel,oestrogens combined with progestogens,None
602,estradiol; medroxyprogesterone,oestrogens combined with progestogens,None
603,estradiol; nomegestrol,oestrogens combined with progestogens,None
604,estradiol; norethisterone,oestrogens combined with progestogens,None
605,estramustine phosphate,alkylating agents,None
606,estriol,oestrogens,None
607,etanercept,tumor necrosis factor alpha (tnf-a) inhibitors,None
608,etelcalcetide,bone resorption inhibitors,None
609,ethambutol hydrochloride,"antimycobacterials, other",None
610,ethinylestradiol,oestrogens,None
611,ethinylestradiol; desogestrel,oestrogens combined with progestogens,None
612,ethinylestradiol; drospirenone,oestrogens combined with progestogens,None
613,ethinylestradiol; etonogestrel,oestrogens combined with progestogens,None
614,ethinylestradiol; gestodene,oestrogens combined with progestogens,None
615,ethinylestradiol; levonorgestrel,oestrogens combined with progestogens,None
616,ethinylestradiol; norelgestromin,oestrogens combined with progestogens,None
617,ethinylestradiol; norethisterone,oestrogens combined with progestogens,None
618,ethinylestradiol; norgestimate,oestrogens combined with progestogens,None
619,ethosuximide,antiepileptics,None
620,etodolac,non-steroidal anti-inflammatory drugs,None
621,etomidate,intravenous anaesthetics,None
622,etonogestrel,progestogens,None
623,etoposide,None,None
624,etoricoxib,non-steroidal anti-inflammatory drugs,None
625,etravirine,non-nucleoside reverse transcriptase inhibitors,None
626,eucalyptus; menthol,menthol and derivatives,None
627,european viper snake venom antiserum,antitoxins,None
628,everolimus,protein kinase inhibitors,None
629,evolocumab,"lipid modifying drugs, other",None
630,exemestane,aromatase inhibitors,None
631,exenatide,glucagon-like peptide-1 receptor agonists,None
632,ezetimibe,cholesterol absorption inhibitors,None
633,"factor ix fraction, dried",coagulation proteins,None
634,factor viia (recombinant),coagulation proteins,None
635,"factor viii fraction, dried",coagulation proteins,None
636,factor viii inhibitor bypassing fraction,None,None
637,"factor xiii fraction, dried",coagulation proteins,None
638,famciclovir,nucleoside analogues,None
639,famotidine,h2-receptor antagonists,None
640,fampridine,cholinergic receptor stimulating drugs,None
641,febuxostat,xanthine oxidase inhibitors,None
642,felbinac,non-steroidal anti-inflammatory drugs,None
643,felodipine,calcium-channel blockers,None
644,fenofibrate,fibrates,None
645,fentanyl,opioids,None
646,fenticonazole nitrate,imidazole antifungals,None
647,ferric carboxymaltose,"iron, injectable",None
648,ferric maltol,"iron, oral",None
649,ferrous fumarate,"iron, oral",None
650,ferrous fumarate; folic acid,"iron, oral",folates
651,ferrous gluconate,"iron, oral",None
652,ferrous sulfate,"iron, oral",None
653,ferrous sulfate; ascorbic acid,"iron, oral",vitamin c
654,ferrous sulfate; folic acid,"iron, oral",folates
655,fesoterodine fumarate,"antimuscarinics, urinary",None
656,fexofenadine hydrochloride,non-sedating antihistamines,None
657,"fibrinogen, dried",coagulation proteins,None
658,fidaxomicin,"antibacterials, other",None
659,filgrastim,granulocyte-colony stimulating factors,None
660,finasteride,5α-reductase inhibitors,None
661,fingolimod,immunomodulating drugs,None
662,flavoxate hydrochloride,"antimuscarinics, urinary",None
663,flecainide acetate,"antiarrhythmics, class ic",None
664,flucloxacillin,"penicillins, penicillinase-resistant",None
665,fluconazole,triazole antifungals,None
666,flucytosine,"antifungals, other",None
667,fludarabine phosphate,antimetabolites,None
668,fludrocortisone acetate,corticosteroids,None
669,fludroxycortide,corticosteroids,None
670,flumazenil,None,None
671,flumetasone pivalate; clioquinol,corticosteroids,None
672,fluocinolone acetonide,corticosteroids,None
673,fluocinolone acetonide; clioquinol,corticosteroid combinations with anti-infectives,None
674,fluocinolone acetonide; neomycin,corticosteroid combinations with anti-infectives,None
675,fluocinonide,corticosteroids,None
676,fluorescein sodium,None,None
677,fluorescein; lidocaine,"anaesthetics, local",None
678,fluorometholone,corticosteroids,None
679,fluorouracil,antimetabolites,None
680,fluorouracil; salicylic acid,antimetabolites,salicylic acid and derivatives
681,fluoxetine,selective serotonin re-uptake inhibitors,None
682,flupentixol,"antipsychotics, first-generation",None
683,flupentixol decanoate,"antipsychotics, first-generation (depot injections)",None
684,fluphenazine decanoate,"antipsychotics, first-generation (depot injections)",None
685,flurazepam,benzodiazepines,None
686,flurbiprofen,non-steroidal anti-inflammatory drugs,None
687,flutamide,anti-androgens,None
688,fluticasone,corticosteroids,None
689,fluticasone; azelastine,corticosteroids,non-sedating antihistamines
690,fluticasone; formoterol,corticosteroids,selective beta2-agonists (long-acting)
691,fluticasone; salmeterol,corticosteroids,selective beta2-agonists (long-acting)
692,fluticasone; umeclidinium; vilanterol,corticosteroids,"selective beta2-agonists (long-acting); antimuscarinics, other"
693,fluticasone; vilanterol,corticosteroids,selective beta2-agonists (long-acting)
694,fluvastatin,statins,None
695,fluvoxamine maleate,selective serotonin re-uptake inhibitors,None
696,folic acid,folates,None
697,folinic acid,folates,None
698,follitropin alfa,gonadotrophins,None
699,follitropin alfa; lutropin alfa,gonadotrophins,None
700,follitropin delta,gonadotrophins,None
701,fondaparinux sodium,factor xa inhibitors,None
702,formaldehyde,aldehydes and derivatives,None
703,formoterol fumarate,selective beta2-agonists (long-acting),None
704,fosamprenavir,"protease inhibitors, hiv",None
705,fosaprepitant,neurokinin receptor antagonists,None
706,foscarnet sodium,"antivirals, other",None
707,fosfomycin,"antibacterials, other",None
708,fosinopril sodium,ace inhibitors,None
709,fosphenytoin sodium,antiepileptics,None
710,fostamatinib,haemostatics,None
711,framycetin sulfate,aminoglycosides,None
712,fremanezumab,calcitonin gene-related peptide inhibitors,None
713,fresh frozen plasma,plasma products,None
714,frovatriptan,triptans,None
715,fulvestrant,anti-oestrogens,None
716,furosemide,loop diuretics,None
717,furosemide; triamterene,loop diuretics,"potassium-sparing diuretics, other"
718,fusidic acid,"antibacterials, other",None
719,gabapentin,antiepileptics,None
720,galantamine,"anticholinesterases, centrally acting",None
721,galcanezumab,calcitonin gene-related peptide inhibitors,None
722,galsulfase,enzymes,None
723,ganciclovir,nucleoside analogues,None
724,ganirelix,anti-gonadotrophin-releasing hormones,None
725,gefitinib,protein kinase inhibitors,None
726,gelatin,plasma substitutes,None
727,gemcitabine,antimetabolites,None
728,gemeprost,prostaglandins and analogues,None
729,gemfibrozil,fibrates,None
730,gemtuzumab ozogamicin,monoclonal antibodies,None
731,gentamicin,aminoglycosides,None
732,gentamicin; hydrocortisone,aminoglycosides,corticosteroids
733,gilteritinib,protein kinase inhibitors,None
734,glatiramer acetate,"immunostimulants, other",None
735,glecaprevir; pibrentasvir,"protease inhibitors, hepatitis",non-structural protein 5a inhibitors
736,glibenclamide,sulfonylureas,None
737,gliclazide,sulfonylureas,None
738,glimepiride,sulfonylureas,None
739,glipizide,sulfonylureas,None
740,glucagon,glycogenolytic hormones,None
741,glucosamine,None,None
742,glucose,sugars,None
743,glutaraldehyde,aldehydes and derivatives,None
744,glycerol,stimulant laxatives,None
745,glycerol phenylbutyrate,ammonia lowering drugs,None
746,glycerol; magnesium sulfate; phenol,"antiseptics and disinfectants, other",None
747,glyceryl trinitrate,nitrates,None
748,glycine,irrigating solutions,None
749,glycopyrronium bromide,"antimuscarinics, other",None
750,glycopyrronium; indacaterol,"antimuscarinics, other",selective beta2-agonists (long-acting)
751,golimumab,tumor necrosis factor alpha (tnf-a) inhibitors,None
752,gonadorelin,gonadotrophin-releasing hormones,None
753,goserelin,gonadotrophin-releasing hormones,None
754,granisetron,serotonin (5ht3) receptor antagonists,None
755,grapefruit juice,None,None
756,grass pollen extract,allergen-type vaccines,None
757,griseofulvin,"antifungals, other",None
758,guanfacine,alpha2-adrenoceptor agonists,None
759,guselkumab,interleukin inhibitors,None
760,haem arginate,None,None
761,haemophilus influenzae type b; meningococcal group c vaccine,bacterial vaccines,None
762,haloperidol,"antipsychotics, first-generation",None
763,haloperidol decanoate,"antipsychotics, first-generation (depot injections)",None
764,heparin (unfractionated),heparins,None
765,heparinoid,heparinoids,None
766,hepatitis a; b vaccine,viral vaccines,None
767,hepatitis a vaccine,viral vaccines,None
768,hepatitis a; typhoid vaccine,viral vaccines,None
769,hepatitis b immunoglobulin,immunoglobulins,None
770,hepatitis b vaccine,viral vaccines,None
771,hexetidine,"antiseptics and disinfectants, other",None
772,homatropine hydrobromide,"antimuscarinics, other",None
773,human alpha1-proteinase inhibitor,enzyme inhibitors,None
774,human papillomavirus vaccines,viral vaccines,None
775,hyaluronidase,enzymes,None
776,hydralazine hydrochloride,vasodilator antihypertensives,None
777,hydrochlorothiazide,thiazides and related diuretics,None
778,hydrocortisone,corticosteroids,None
779,hydrocortisone butyrate,corticosteroids,None
780,"hydrocortisone; benzalkonium chloride, dimeticone; nystatin",corticosteroid combinations with anti-infectives,None
781,hydrocortisone; chlorhexidine hydrochloride; nystatin,corticosteroid combinations with anti-infectives,None
782,hydrocortisone; clotrimazole,corticosteroid combinations with anti-infectives,None
783,hydrocortisone; fusidic acid,corticosteroid combinations with anti-infectives,None
784,hydrocortisone; lidocaine,corticosteroids,amides
785,hydrocortisone; miconazole,corticosteroid combinations with anti-infectives,None
786,hydrocortisone; neomycin; polymyxin b sulfate,corticosteroid combinations with anti-infectives,None
787,hydrocortisone; oxytetracycline,corticosteroid combinations with anti-infectives,None
788,hydrocortisone; pramocaine,corticosteroids,None
789,hydrogen peroxide,"antiseptics and disinfectants, other",None
790,hydromorphone hydrochloride,opioids,None
791,hydroxocobalamin,vitamin b group,None
792,hydroxycarbamide,"antineoplastics, other",None
793,hydroxychloroquine sulfate,disease-modifying anti-rheumatic drugs,None
794,hydroxyethylcellulose,ocular lubricants,None
795,hydroxypropyl guar; polyethylene glycol; propylene glycol,ocular lubricants,None
796,hydroxyzine hydrochloride,sedating antihistamines,None
797,hyoscine butylbromide,"antimuscarinics, other",None
798,hyoscine hydrobromide,"antimuscarinics, other",None
799,hypromellose,ocular lubricants,None
800,hypromellose; dextran 70,ocular lubricants,None
801,ibandronic acid,bisphosphonates,None
802,ibrutinib,protein kinase inhibitors,None
803,ibuprofen,non-steroidal anti-inflammatory drugs,None
804,icatibant,None,None
805,ichthammol,anti-infectives,None
806,ichthammol; zinc oxide,anti-infectives,None
807,idarubicin hydrochloride,anthracyclines and related drugs,None
808,idarucizumab,"antidotes and chelators, other",None
809,idebenone,None,None
810,idelalisib,protein kinase inhibitors,None
811,idursulfase,enzymes,None
812,ifosfamide,alkylating agents,None
813,iloprost,prostaglandins and analogues,None
814,imatinib,protein kinase inhibitors,None
815,imidapril hydrochloride,ace inhibitors,None
816,imiglucerase,enzymes,None
817,imipenem; cilastatin,carbapenems,None
818,imipramine hydrochloride,tricyclic antidepressants,None
819,imiquimod,None,None
820,indacaterol,selective beta2-agonists (long-acting),None
821,indapamide,thiazides and related diuretics,None
822,indometacin,non-steroidal anti-inflammatory drugs,None
823,indoramin,alpha-adrenoceptor blockers,None
824,infliximab,tumor necrosis factor alpha (tnf-a) inhibitors,None
825,influenza vaccine,viral vaccines,None
826,ingenol mebutate,None,None
827,inosine pranobex,None,None
828,inositol nicotinate,nicotinic acid derivatives,None
829,inotersen,neuroprotective drugs,None
830,inotuzumab ozogamicin,monoclonal antibodies,None
831,insulin,"insulins, rapid-acting",None
832,insulin aspart,"insulins, rapid-acting",None
833,insulin degludec,"insulins, long-acting",None
834,insulin degludec; liraglutide,"insulins, long-acting",None
835,insulin detemir,"insulins, long-acting",None
836,insulin glargine,"insulins, long-acting",None
837,insulin glargine; lixisenatide,"insulins, long-acting",glucagon-like peptide-1 receptor agonists
838,insulin glulisine,"insulins, rapid-acting",None
839,insulin lispro,"insulins, rapid-acting",None
840,interferon alfa,interferons,None
841,interferon beta,interferons,None
842,interferon gamma-1b,interferons,None
843,intra-uterine contraceptive devices (copper),None,None
844,iodide; iodine,vitamins and trace elements,None
845,ipilimumab,monoclonal antibodies,None
846,ipratropium bromide,"antimuscarinics, other",None
847,ipratropium; salbutamol,"antimuscarinics, other",selective beta2-agonists (short-acting)
848,irbesartan,angiotensin ii receptor antagonists,None
849,irbesartan; hydrochlorothiazide,angiotensin ii receptor antagonists,thiazides and related diuretics
850,irinotecan hydrochloride,topoisomerase i inhibitors,None
851,iron dextran,"iron, injectable",None
852,iron isomaltoside 1000,"iron, injectable",None
853,iron sucrose,"iron, injectable",None
854,isatuximab,monoclonal antibodies,None
855,isavuconazole,triazole antifungals,None
856,isocarboxazid,"monoamine-oxidase a and b inhibitors, irreversible",None
857,isoflurane,volatile liquid anaesthetics,None
858,isoniazid,"antimycobacterials, other",None
859,isophane insulin,"insulins, intermediate-acting",None
860,isosorbide dinitrate,nitrates,None
861,isosorbide mononitrate,nitrates,None
862,isotretinoin,retinoid and related drugs,None
863,ispaghula husk,bulk-forming laxatives,None
864,itraconazole,triazole antifungals,None
865,ivabradine,None,None
866,ivacaftor,mucolytics,None
867,ivermectin,anthelmintics,None
868,ixazomib,proteasome inhibitors,None
869,ixekizumab,interleukin inhibitors,None
870,japanese encephalitis vaccine,viral vaccines,None
871,kaolin; morphine,antipropulsives,None
872,ketamine,nmda receptor antagonists,None
873,ketoconazole,imidazole antifungals,None
874,ketoprofen,non-steroidal anti-inflammatory drugs,None
875,ketorolac trometamol,non-steroidal anti-inflammatory drugs,None
876,ketotifen,sedating antihistamines,None
877,labetalol hydrochloride,alpha- and beta-adrenoceptor blockers,None
878,lacidipine,calcium-channel blockers,None
879,lacosamide,antiepileptics,None
880,lactic acid,carboxylic acids,None
881,lactulose,osmotic laxatives,None
882,lamivudine,nucleoside reverse transcriptase inhibitors,None
883,lamivudine; dolutegravir,nucleoside reverse transcriptase inhibitors,hiv-integrase inhibitors
884,lamivudine; tenofovir disoproxil,nucleoside reverse transcriptase inhibitors,None
885,lamivudine; tenofovir disoproxil; doravirine,nucleoside reverse transcriptase inhibitors,non-nucleoside reverse transcriptase inhibitors
886,lamotrigine,antiepileptics,None
887,lanadelumab,None,None
888,lanreotide,somatostatin analogues,None
889,lansoprazole,proton pump inhibitors,None
890,lanthanum,phosphate binders,None
891,lapatinib,protein kinase inhibitors,None
892,laronidase,enzymes,None
893,larotrectinib,protein kinase inhibitors,None
894,latanoprost,prostaglandins and analogues,None
895,latanoprost; timolol,prostaglandins and analogues,"beta blocking agents, non-selective"
896,ledipasvir; sofosbuvir,nucleotide analogues,hcv inhibitors
897,leflunomide,disease-modifying anti-rheumatic drugs,None
898,lenalidomide,thalidomide and related analogues,None
899,lenograstim,granulocyte-colony stimulating factors,None
900,lenvatinib,protein kinase inhibitors,None
901,lercanidipine hydrochloride,calcium-channel blockers,None
902,letermovir,"antivirals, other",None
903,letrozole,aromatase inhibitors,None
904,leuprorelin acetate,gonadotrophin-releasing hormones,None
905,levamisole,anthelmintics,None
906,levetiracetam,antiepileptics,None
907,levobunolol hydrochloride,"beta blocking agents, non-selective",None
908,levobupivacaine,"anaesthetics, local",None
909,levocarnitine,amino acids and derivatives,None
910,levocetirizine hydrochloride,non-sedating antihistamines,None
911,levodopa; carbidopa; entacapone,dopamine precursors,catechol-o-methyltransferase inhibitors
912,levofloxacin,quinolones,None
913,levofolinic acid,folates,None
914,levomenthol,menthol and derivatives,None
915,levomepromazine,"antipsychotics, first-generation",None
916,levonorgestrel,progestogens,None
917,levothyroxine sodium,thyroid hormones,None
918,lidocaine hydrochloride,"anaesthetics, local",None
919,lidocaine; adrenaline,"anaesthetics, local","sympathomimetics, vasoconstrictor"
920,lidocaine; cetrimide,"anaesthetics, local",None
921,lidocaine; phenylephrine,"anaesthetics, local","sympathomimetics, vasoconstrictor"
922,lidocaine; prilocaine,"anaesthetics, local",None
923,linaclotide,None,None
924,linagliptin,dipeptidylpeptidase-4 inhibitors (gliptins),None
925,linagliptin; metformin,dipeptidylpeptidase-4 inhibitors (gliptins),biguanides
926,linezolid,"antibacterials, other",None
927,liothyronine sodium,thyroid hormones,None
928,lipegfilgrastim,granulocyte-colony stimulating factors,None
929,liquid paraffin,softening laxatives,None
930,liquid paraffin; white soft paraffin; wool alcohols,ocular lubricants,None
931,liraglutide,glucagon-like peptide-1 receptor agonists,None
932,lisdexamfetamine mesilate,amfetamines,None
933,lisinopril,ace inhibitors,None
934,lisinopril; hydrochlorothiazide,ace inhibitors,thiazides and related diuretics
935,lithium carbonate,lithium salts,None
936,lithium citrate,lithium salts,None
937,lixisenatide,glucagon-like peptide-1 receptor agonists,None
938,lodoxamide,mast-cell stabilisers,None
939,lofepramine,tricyclic antidepressants,None
940,lofexidine hydrochloride,alpha2-adrenoceptor agonists,None
941,lomitapide,"lipid modifying drugs, other",None
942,lomustine,alkylating agents,None
943,loperamide hydrochloride,antipropulsives,None
944,loperamide; simeticone,antipropulsives,None
945,lopinavir; ritonavir,"protease inhibitors, hiv",None
946,loprazolam,benzodiazepines,None
947,loratadine,non-sedating antihistamines,None
948,lorazepam,benzodiazepines,None
949,lorlatinib,protein kinase inhibitors,None
950,lormetazepam,benzodiazepines,None
951,losartan potassium,angiotensin ii receptor antagonists,None
952,losartan; hydrochlorothiazide,angiotensin ii receptor antagonists,thiazides and related diuretics
953,loteprednol etabonate,corticosteroids,None
954,loxapine,"antipsychotics, first-generation",None
955,lumacaftor; ivacaftor,mucolytics,None
956,lurasidone hydrochloride,"antipsychotics, second-generation",None
957,lusutrombopag,thrombopoietin receptor agonists,None
958,lutropin alfa,gonadotrophins,None
959,lymecycline,tetracyclines and related drugs,None
960,macitentan,endothelin receptor antagonists,None
961,macrogol 3350,osmotic laxatives,None
962,"macrogol 3350; anhydrous sodium sulfate, ascorbic acid, potassium chloride, sodium ascorbate; sodium chloride",osmotic laxatives,None
963,"macrogol 3350; anhydrous sodium sulfate, potassium chloride, sodium bicarbonate; sodium chloride",osmotic laxatives,None
964,"macrogol 3350; potassium chloride, sodium bicarbonate; sodium chloride",osmotic laxatives,None
965,magnesium aspartate,magnesium,None
966,magnesium carbonate,"antacids, magnesium",None
967,magnesium citrate; sodium picosulfate,stimulant laxatives,None
968,magnesium glycerophosphate,magnesium,None
969,magnesium hydroxide,osmotic laxatives,None
970,magnesium sulfate,magnesium,osmotic laxatives
971,magnesium trisilicate,"antacids, magnesium",None
972,magnesium trisilicate; magnesium carbonate; sodium bicarbonate,"antacids, magnesium",None
973,malathion,parasiticides,None
974,mannitol,None,mucolytics
975,maraviroc,"antivirals, other",None
976,"measles, mumps; rubella vaccine, live",viral vaccines,None
977,mebendazole,anthelmintics,None
978,mebeverine hydrochloride,antispasmodics,None
979,mebeverine; ispaghula husk,antispasmodics,bulk-forming laxatives
980,medroxyprogesterone acetate,progestogens,None
981,mefenamic acid,non-steroidal anti-inflammatory drugs,None
982,mefloquine,antimalarials,None
983,megestrol acetate,progestogens,None
984,melatonin,non-benzodiazepine hypnotics and sedatives,None
985,meloxicam,non-steroidal anti-inflammatory drugs,None
986,melphalan,alkylating agents,None
987,memantine hydrochloride,nmda receptor antagonists,None
988,menadiol sodium phosphate,vitamin k,None
989,"meningococcal group b vaccine (rdna, component, adsorbed)",bacterial vaccines,None
990,meningococcal group c vaccine,bacterial vaccines,None
991,meningococcal groups a; c; w135; y vaccine,bacterial vaccines,None
992,menotrophin,gonadotrophins,None
993,mepacrine hydrochloride,"antiprotozoals, other",None
994,mepivacaine hydrochloride,"anaesthetics, local",None
995,mepivacaine; adrenaline,"anaesthetics, local","sympathomimetics, vasoconstrictor"
996,mepolizumab,monoclonal antibodies,None
997,meprobamate,non-benzodiazepine hypnotics and sedatives,None
998,meptazinol,opioids,None
999,mercaptamine,amino acids and derivatives,None
1000,mercaptopurine,antimetabolites,None
1001,meropenem,carbapenems,None
1002,meropenem; vaborbactam,carbapenems,None
1003,mesalazine,aminosalicylates,None
1004,mesna,None,None
1005,metaraminol,"sympathomimetics, vasoconstrictor",None
1006,metformin hydrochloride,biguanides,None
1007,methadone hydrochloride,opioids,None
1008,methenamine hippurate,"antibacterials, other",None
1009,methocarbamol,"muscle relaxants, centrally acting",None
1010,methotrexate,antimetabolites,None
1011,methoxy polyethylene glycol-epoetin beta,epoetins,None
1012,methoxyflurane,volatile liquid anaesthetics,None
1013,methylcellulose,bulk-forming laxatives,None
1014,methyldopa,"antihypertensives, centrally acting",None
1015,methylnaltrexone bromide,opioid receptor antagonists,None
1016,methylphenidate hydrochloride,centrally acting sympathomimetics,None
1017,methylprednisolone,corticosteroids,None
1018,methylprednisolone; lidocaine,corticosteroids,"anaesthetics, local"
1019,methylthioninium chloride,"antidotes and chelators, other",None
1020,metoclopramide hydrochloride,dopamine receptor antagonists,None
1021,metolazone,thiazides and related diuretics,None
1022,metoprolol tartrate,"beta blocking agents, selective",None
1023,metronidazole,nitroimidazole derivatives,None
1024,metyrapone,enzyme inhibitors,None
1025,mexiletine,drugs for neuromuscular disorders,None
1026,mianserin hydrochloride,tetracyclic antidepressants,None
1027,micafungin,echinocandin antifungals,None
1028,miconazole,imidazole antifungals,None
1029,midazolam,benzodiazepines,None
1030,midodrine hydrochloride,"sympathomimetics, vasoconstrictor",None
1031,midostaurin,protein kinase inhibitors,None
1032,mifamurtide,"immunostimulants, other",None
1033,mifepristone,progesterone receptor modulators,None
1034,mifepristone; misoprostol,progesterone receptor modulators,prostaglandins and analogues
1035,migalastat,None,None
1036,miglustat,glucosylceramide synthase inhibitors,None
1037,milrinone,phosphodiesterase type-3 inhibitors,None
1038,minocycline,tetracyclines and related drugs,None
1039,minoxidil,vasodilator antihypertensives,None
1040,mirabegron,None,None
1041,mirtazapine,tetracyclic antidepressants,None
1042,misoprostol,prostaglandins and analogues,None
1043,mitomycin,cytotoxic antibiotics and related substances,None
1044,mitotane,"antineoplastics, other",None
1045,mitoxantrone,anthracyclines and related drugs,None
1046,mivacurium,"neuromuscular blocking drugs, non-depolarising",None
1047,mizolastine,non-sedating antihistamines,None
1048,moclobemide,None,None
1049,modafinil,centrally acting sympathomimetics,None
1050,mogamulizumab,monoclonal antibodies,None
1051,mometasone furoate,corticosteroids,None
1052,montelukast,None,None
1053,morphine,opioids,None
1054,morphine; cyclizine,opioids,sedating antihistamines
1055,moxifloxacin,quinolones,None
1056,moxisylyte,peripheral vasodilators,None
1057,moxonidine,"antihypertensives, centrally acting",None
1058,mupirocin,"antibacterials, other",None
1059,mycophenolate mofetil,None,None
1060,nabilone,cannabinoids,None
1061,nabumetone,non-steroidal anti-inflammatory drugs,None
1062,nadolol,"beta blocking agents, non-selective",None
1063,nafarelin,gonadotrophin-releasing hormones,None
1064,naftidrofuryl oxalate,peripheral vasodilators,None
1065,naldemedine,opioid receptor antagonists,None
1066,nalmefene,opioid receptor antagonists,None
1067,naloxegol,opioid receptor antagonists,None
1068,naloxone hydrochloride,opioid receptor antagonists,None
1069,naltrexone hydrochloride,opioid receptor antagonists,None
1070,naltrexone; bupropion,serotonin and noradrenaline re-uptake inhibitors,opioid receptor antagonists
1071,nandrolone,None,None
1072,naproxen,non-steroidal anti-inflammatory drugs,None
1073,naproxen; esomeprazole,non-steroidal anti-inflammatory drugs,proton pump inhibitors
1074,naratriptan,triptans,None
1075,natalizumab,"monoclonal antibodies, anti-lymphocyte",None
1076,nateglinide,meglitinides,None
1077,nebivolol,"beta blocking agents, selective",None
1078,necitumumab,monoclonal antibodies,None
1079,nedocromil sodium,mast-cell stabilisers,None
1080,nefopam hydrochloride,None,None
1081,nelarabine,antimetabolites,None
1082,neomycin sulfate,aminoglycosides,None
1083,neostigmine,"anticholinesterases, other",None
1084,neostigmine; glycopyrronium bromide,"anticholinesterases, other","antimuscarinics, other"
1085,nepafenac,non-steroidal anti-inflammatory drugs,None
1086,neratinib,protein kinase inhibitors,None
1087,nevirapine,non-nucleoside reverse transcriptase inhibitors,None
1088,nicardipine hydrochloride,calcium-channel blockers,None
1089,nicorandil,None,None
1090,nicotinamide,vitamin b group,None
1091,nicotine,nicotinic receptor agonists,None
1092,nicotinic acid,nicotinic acid derivatives,None
1093,nifedipine,calcium-channel blockers,None
1094,nilotinib,protein kinase inhibitors,None
1095,nimodipine,calcium-channel blockers,None
1096,nintedanib,protein kinase inhibitors,antifibrotics
1097,niraparib,"antineoplastics, other",None
1098,nitisinone,None,None
1099,nitrazepam,benzodiazepines,None
1100,nitrofurantoin,"antibacterials, other",None
1101,nitrous oxide,volatile liquid anaesthetics,None
1102,nivolumab,monoclonal antibodies,None
1103,nizatidine,h2-receptor antagonists,None
1104,nonoxinol,None,None
1105,noradrenaline/norepinephrine,"sympathomimetics, vasoconstrictor",None
1106,norethisterone,progestogens,None
1107,norethisterone; mestranol,oestrogens combined with progestogens,None
1108,normal immunoglobulin,immunoglobulins,None
1109,nortriptyline,tricyclic antidepressants,None
1110,nusinersen,drugs for neuromuscular disorders,None
1111,nystatin,polyene antifungals,None
1112,obeticholic acid,bile acids,None
1113,obinutuzumab,monoclonal antibodies,None
1114,ocrelizumab,"monoclonal antibodies, anti-lymphocyte",None
1115,ocriplasmin,None,None
1116,octreotide,somatostatin analogues,None
1117,ofloxacin,quinolones,None
1118,olanzapine,"antipsychotics, second-generation",None
1119,olanzapine embonate,"antipsychotics, second-generation (depot injections)",None
1120,olaparib,"antineoplastics, other",None
1121,olive oil,softening drugs,None
1122,olmesartan medoxomil,angiotensin ii receptor antagonists,None
1123,olmesartan; amlodipine,angiotensin ii receptor antagonists,calcium-channel blockers
1124,olmesartan; amlodipine; hydrochlorothiazide,angiotensin ii receptor antagonists,thiazides and related diuretics; calcium-channel blockers
1125,olmesartan; hydrochlorothiazide,angiotensin ii receptor antagonists,thiazides and related diuretics
1126,olodaterol,selective beta2-agonists (long-acting),None
1127,olopatadine,antihistamines,None
1128,olsalazine sodium,aminosalicylates,None
1129,omalizumab,monoclonal antibodies,None
1130,ombitasvir; paritaprevir; ritonavir,non-structural protein 5a inhibitors,"protease inhibitors, hepatitis; protease inhibitors, hiv"
1131,omega-3-acid ethyl esters,"lipid modifying drugs, other",None
1132,omeprazole,proton pump inhibitors,None
1133,ondansetron,serotonin (5ht3) receptor antagonists,None
1134,opicapone,catechol-o-methyltransferase inhibitors,None
1135,orlistat,None,None
1136,orphenadrine hydrochloride,"antimuscarinics, other",None
1137,oseltamivir,neuraminidase inhibitors,None
1138,osimertinib,protein kinase inhibitors,None
1139,ospemifene,None,None
1140,oxaliplatin,platinum compounds,None
1141,oxazepam,benzodiazepines,None
1142,oxcarbazepine,antiepileptics,None
1143,oxerutins,None,None
1144,oxybuprocaine hydrochloride,"anaesthetics, local",None
1145,oxybutynin hydrochloride,"antimuscarinics, urinary",None
1146,oxycodone hydrochloride,opioids,None
1147,oxycodone; naloxone,opioids,opioid receptor antagonists
1148,oxymetholone,None,None
1149,oxytetracycline,tetracyclines and related drugs,None
1150,oxytocin,oxytocin and analogues,None
1151,paclitaxel,taxanes,None
1152,palbociclib,protein kinase inhibitors,None
1153,paliperidone,"antipsychotics, second-generation","antipsychotics, second-generation (depot injections)"
1154,palivizumab,monoclonal antibodies,None
1155,palonosetron,serotonin (5ht3) receptor antagonists,None
1156,palonosetron; netupitant,serotonin (5ht3) receptor antagonists,neurokinin receptor antagonists
1157,pamidronate disodium,bisphosphonates,None
1158,pancreatin,None,None
1159,pancuronium bromide,"neuromuscular blocking drugs, non-depolarising",None
1160,panitumumab,monoclonal antibodies,None
1161,panobinostat,"antineoplastics, other",None
1162,pantoprazole,proton pump inhibitors,None
1163,paracetamol,"analgesics, non-opioid",None
1164,paracetamol; buclizine hydrochloride; codeine phosphate,sedating antihistamines,opioids
1165,paracetamol; isometheptene,"analgesics, non-opioid",None
1166,paracetamol; metoclopramide,"analgesics, non-opioid",dopamine receptor antagonists
1167,"paraffin, yellow, soft",ocular lubricants,None
1168,parathyroid hormone,parathyroid hormones and analogues,None
1169,parecoxib,non-steroidal anti-inflammatory drugs,None
1170,parenteral nutrition supplements,None,None
1171,paricalcitol,vitamin d and analogues,None
1172,paroxetine,selective serotonin re-uptake inhibitors,None
1173,pasireotide,somatostatin analogues,None
1174,patiromer calcium,cation exchange compounds,None
1175,patisiran,neuroprotective drugs,None
1176,pazopanib,protein kinase inhibitors,None
1177,pegaspargase,"antineoplastics, other",None
1178,pegfilgrastim,granulocyte-colony stimulating factors,None
1179,peginterferon alfa,interferons,None
1180,peginterferon beta-1a,interferons,None
1181,pegvisomant,None,None
1182,pembrolizumab,monoclonal antibodies,None
1183,pemetrexed,antimetabolites,None
1184,penicillamine,disease-modifying anti-rheumatic drugs,copper chelators
1185,pentamidine isetionate,"antiprotozoals, other",None
1186,pentazocine,opioids,None
1187,pentosan polysulfate sodium,heparinoids,None
1188,pentostatin,cytotoxic antibiotics and related substances,None
1189,pentoxifylline,peripheral vasodilators,None
1190,peppermint oil,antispasmodics,None
1191,perampanel,antiepileptics,None
1192,pericyazine,"antipsychotics, first-generation",None
1193,perindopril arginine,ace inhibitors,None
1194,perindopril arginine; indapamide,ace inhibitors,thiazides and related diuretics
1195,perindopril erbumine,ace inhibitors,None
1196,permethrin,parasiticides,None
1197,pertuzumab,monoclonal antibodies,None
1198,pethidine hydrochloride,opioids,None
1199,phenelzine,"monoamine-oxidase a and b inhibitors, irreversible",None
1200,phenindione,vitamin k antagonists,None
1201,phenobarbital,barbiturates,None
1202,phenol,sclerosants,None
1203,phenoxybenzamine hydrochloride,peripheral vasodilators,None
1204,phenoxymethylpenicillin,"penicillins, beta-lactamase sensitive",None
1205,phenylephrine hydrochloride,"sympathomimetics, vasoconstrictor",None
1206,phenylephrine; tropicamide,"sympathomimetics, vasoconstrictor","antimuscarinics, other"
1207,phenytoin,antiepileptics,None
1208,pholcodine,cough suppressants,None
1209,phosphate,osmotic laxatives,None
1210,phytomenadione,vitamin k,None
1211,pilocarpine,parasympathomimetics,None
1212,pimecrolimus,calcineurin inhibitors and related drugs,None
1213,pimozide,"antipsychotics, first-generation",None
1214,pindolol,"beta blocking agents, non-selective",None
1215,pioglitazone,thiazolidinediones,None
1216,pioglitazone; metformin,thiazolidinediones,biguanides
1217,piperacillin; tazobactam,"penicillins, antipseudomonal with beta-lactamase inhibitor",None
1218,piracetam,cns stimulants,None
1219,pirfenidone,antifibrotics,None
1220,piroxicam,non-steroidal anti-inflammatory drugs,None
1221,pitolisant,cns stimulants,None
1222,pivmecillinam hydrochloride,None,None
1223,pixantrone,anthracyclines and related drugs,None
1224,pizotifen,sedating antihistamines,None
1225,plerixafor,None,None
1226,pneumococcal polysaccharide conjugate vaccine (adsorbed),bacterial vaccines,None
1227,pneumococcal polysaccharide vaccine,bacterial vaccines,None
1228,podophyllotoxin,plant alkaloids,None
1229,polatuzumab vedotin,monoclonal antibodies,None
1230,polyvinyl alcohol,ocular lubricants,None
1231,pomalidomide,thalidomide and related analogues,None
1232,ponatinib,protein kinase inhibitors,None
1233,porfimer sodium,photosensitisers,None
1234,posaconazole,triazole antifungals,None
1235,potassium aminobenzoate,vitamin b group,None
1236,potassium bicarbonate; potassium acid tartrate,potassium,None
1237,potassium chloride,potassium,None
1238,potassium chloride; calcium chloride dihydrate; sodium chloride,potassium,sodium chloride
1239,"potassium chloride; calcium chloride, sodium chloride; sodium lactate",potassium,sodium chloride; carboxylic acids
1240,potassium chloride; glucose,potassium,sugars
1241,potassium chloride; glucose; sodium chloride,potassium,sodium chloride; sugars
1242,potassium chloride; potassium bicarbonate,potassium,None
1243,"potassium chloride; rice powder, sodium chloride; sodium citrate",oral rehydration salts,None
1244,potassium chloride; sodium chloride,potassium,sodium chloride
1245,potassium permanganate,antiseptics and disinfectants,None
1246,povidone-iodine,None,None
1247,pralidoxime chloride,"antidotes and chelators, other",None
1248,pramipexole,dopamine receptor agonists,None
1249,prasterone,oestrogens,None
1250,prasugrel,antiplatelet drugs,None
1251,pravastatin sodium,statins,None
1252,praziquantel,anthelmintics,None
1253,prazosin,alpha-adrenoceptor blockers,None
1254,prednisolone,corticosteroids,None
1255,pregabalin,antiepileptics,None
1256,prilocaine hydrochloride,"anaesthetics, local",None
1257,prilocaine; felypressin,"anaesthetics, local",vasopressin and analogues
1258,primaquine,antimalarials,None
1259,primidone,barbiturates,None
1260,procarbazine,"antineoplastics, other",None
1261,prochlorperazine,"antipsychotics, first-generation",None
1262,procyclidine hydrochloride,"antimuscarinics, other",None
1263,proflavine,"antiseptics and disinfectants, other",None
1264,progesterone,progestogens,None
1265,proguanil hydrochloride,antimalarials,None
1266,promazine hydrochloride,"antipsychotics, first-generation",None
1267,promethazine hydrochloride,sedating antihistamines,None
1268,promethazine teoclate,sedating antihistamines,None
1269,propafenone hydrochloride,"antiarrhythmics, class ic",None
1270,propamidine isetionate,"antiprotozoals, other",None
1271,propantheline bromide,"antimuscarinics, other",None
1272,propiverine hydrochloride,"antimuscarinics, urinary",None
1273,propofol,intravenous anaesthetics,None
1274,propranolol hydrochloride,"beta blocking agents, non-selective",None
1275,propylthiouracil,None,None
1276,protamine sulfate,"antidotes and chelators, other",None
1277,protein c concentrate,coagulation proteins,None
1278,proxymetacaine hydrochloride,"anaesthetics, local",None
1279,prucalopride,None,None
1280,pseudoephedrine hydrochloride,"sympathomimetics, vasoconstrictor",None
1281,pyrazinamide,"antimycobacterials, other",None
1282,pyridostigmine bromide,"anticholinesterases, other",None
1283,pyridoxine hydrochloride,vitamin b group,None
1284,pyrimethamine,antiprotozoals,None
1285,quetiapine,"antipsychotics, second-generation",None
1286,quinagolide,dopamine receptor agonists,None
1287,quinapril,ace inhibitors,None
1288,quinapril; hydrochlorothiazide,ace inhibitors,thiazides and related diuretics
1289,quinine,antimalarials,None
1290,rabeprazole sodium,proton pump inhibitors,None
1291,rabies immunoglobulin,immunoglobulins,None
1292,rabies vaccine,viral vaccines,None
1293,raloxifene hydrochloride,bone resorption inhibitors,None
1294,raltegravir,hiv-integrase inhibitors,None
1295,raltitrexed,"antineoplastics, other",None
1296,ramipril,ace inhibitors,None
1297,ramipril; felodipine,ace inhibitors,calcium-channel blockers
1298,ramucirumab,monoclonal antibodies,None
1299,ranibizumab,vascular endothelial growth factor inhibitors,None
1300,ranitidine,h2-receptor antagonists,None
1301,ranolazine,None,None
1302,rasagiline,monoamine-oxidase b inhibitors,None
1303,rasburicase,None,None
1304,ravulizumab,monoclonal antibodies,None
1305,reboxetine,None,None
1306,regorafenib,protein kinase inhibitors,None
1307,remdesivir,"antivirals, other",None
1308,remifentanil,opioids,None
1309,repaglinide,meglitinides,None
1310,reslizumab,monoclonal antibodies,None
1311,"retinol palmitate; white soft paraffin, light liquid paraffin, liquid paraffin; wool fat",ocular lubricants,None
1312,ribavirin,nucleoside analogues,None
1313,ribociclib,protein kinase inhibitors,None
1314,rifabutin,rifamycins,None
1315,rifampicin,rifamycins,None
1316,"rifampicin; ethambutol, isoniazid; pyrazinamide",rifamycins,"antimycobacterials, other"
1317,rifampicin; isoniazid,rifamycins,"antimycobacterials, other"
1318,rifampicin; isoniazid; pyrazinamide,rifamycins,"antimycobacterials, other"
1319,rifaximin,rifamycins,None
1320,rilpivirine,non-nucleoside reverse transcriptase inhibitors,None
1321,riluzole,neuroprotective drugs,None
1322,riociguat,None,None
1323,risankizumab,interleukin inhibitors,None
1324,risedronate sodium,bisphosphonates,None
1325,risedronate; calcium carbonate; colecalciferol,bisphosphonates,calcium; vitamin d and analogues
1326,risperidone,"antipsychotics, second-generation","antipsychotics, second-generation (depot injections)"
1327,ritonavir,"protease inhibitors, hiv",None
1328,rituximab,monoclonal antibodies,None
1329,rivaroxaban,factor xa inhibitors,None
1330,rivastigmine,"anticholinesterases, centrally acting",None
1331,rizatriptan,triptans,None
1332,rocuronium bromide,"neuromuscular blocking drugs, non-depolarising",None
1333,roflumilast,phosphodiesterase type-4 inhibitors,None
1334,rolapitant,neurokinin receptor antagonists,None
1335,romiplostim,thrombopoietin receptor agonists,None
1336,romosozumab,monoclonal antibodies,None
1337,ropinirole,dopamine receptor agonists,None
1338,ropivacaine hydrochloride,"anaesthetics, local",None
1339,rosuvastatin,statins,None
1340,rotavirus vaccine,viral vaccines,None
1341,rotigotine,dopamine receptor agonists,None
1342,rucaparib,"antineoplastics, other",None
1343,rufinamide,antiepileptics,None
1344,rupatadine,non-sedating antihistamines,None
1345,ruxolitinib,protein kinase inhibitors,None
1346,sacubitril; valsartan,angiotensin ii receptor antagonists,None
1347,safinamide,monoamine-oxidase b inhibitors,None
1348,salbutamol,selective beta2-agonists (short-acting),None
1349,salicylic acid,salicylic acid and derivatives,None
1350,salicylic acid; lactic acid,salicylic acid and derivatives,carboxylic acids
1351,salicylic acid; rhubarb extract,salicylic acid and derivatives,None
1352,salicylic acid; zinc oxide,salicylic acid and derivatives,None
1353,salmeterol,selective beta2-agonists (long-acting),None
1354,sapropterin dihydrochloride,None,None
1355,saquinavir,"protease inhibitors, hiv",None
1356,sarilumab,interleukin inhibitors,None
1357,saxagliptin,dipeptidylpeptidase-4 inhibitors (gliptins),None
1358,saxagliptin; dapagliflozin,dipeptidylpeptidase-4 inhibitors (gliptins),sodium glucose co-transporter 2 inhibitors
1359,saxagliptin; metformin,dipeptidylpeptidase-4 inhibitors (gliptins),biguanides
1360,secukinumab,interleukin inhibitors,None
1361,selegiline hydrochloride,monoamine-oxidase b inhibitors,None
1362,selenium,vitamins and trace elements,None
1363,selexipag,antiplatelet drugs,None
1364,semaglutide,glucagon-like peptide-1 receptor agonists,None
1365,senna,stimulant laxatives,None
1366,senna; ispaghula husk,stimulant laxatives,bulk-forming laxatives
1367,sertraline,selective serotonin re-uptake inhibitors,None
1368,sevelamer,phosphate binders,None
1369,sevoflurane,volatile liquid anaesthetics,None
1370,sildenafil,phosphodiesterase type-5 inhibitors,None
1371,siltuximab,monoclonal antibodies,None
1372,silver nitrate,"antiseptics and disinfectants, other",None
1373,silver sulfadiazine,sulfonamides,None
1374,simeticone,antifoaming drugs,None
1375,simeticone; aluminium hydroxide; magnesium hydroxide,"antacids, aluminium and magnesium",antifoaming drugs
1376,simvastatin,statins,None
1377,simvastatin; ezetimibe,statins,cholesterol absorption inhibitors
1378,simvastatin; fenofibrate,statins,fibrates
1379,siponimod,immunomodulating drugs,None
1380,sirolimus,calcineurin inhibitors and related drugs,None
1381,sitagliptin,dipeptidylpeptidase-4 inhibitors (gliptins),None
1382,sitagliptin; metformin,dipeptidylpeptidase-4 inhibitors (gliptins),biguanides
1383,sodium acid phosphate; sodium phosphate,osmotic laxatives,None
1384,sodium alginate; calcium carbonate; sodium bicarbonate,"antacids, alginate",None
1385,sodium alginate; potassium bicarbonate,"antacids, alginate",None
1386,sodium aurothiomalate,disease-modifying anti-rheumatic drugs,None
1387,sodium bicarbonate,None,None
1388,sodium bicarbonate; sodium chloride,"antiseptics and disinfectants, other",None
1389,sodium chloride,sodium chloride,"ocular lubricants; irrigating solutions; antiseptics and disinfectants, other"
1390,sodium chloride; glucose,sodium chloride,sugars
1391,sodium citrate,"alkalising drugs, urinary",None
1392,sodium clodronate,bisphosphonates,None
1393,sodium cromoglicate,mast-cell stabilisers,None
1394,sodium feredetate,"iron, oral",None
1395,sodium fluoride,vitamins and trace elements,None
1396,sodium hyaluronate,ocular lubricants,None
1397,sodium hyaluronate; trehalose,ocular lubricants,None
1398,sodium nitrite,"antidotes and chelators, other",None
1399,sodium nitroprusside,vasodilator antihypertensives,None
1400,sodium oxybate,None,None
1401,sodium phenylbutyrate,ammonia lowering drugs,None
1402,sodium picosulfate,stimulant laxatives,None
1403,sodium polystyrene sulfonate,cation exchange compounds,None
1404,sodium stibogluconate,"antiprotozoals, other",None
1405,sodium tetradecyl sulfate,sclerosants,None
1406,sodium thiosulfate,"antidotes and chelators, other",None
1407,sodium valproate,antiepileptics,None
1408,sodium zirconium cyclosilicate,cation exchange compounds,None
1409,sofosbuvir,nucleotide analogues,None
1410,sofosbuvir; velpatasvir,nucleotide analogues,hcv inhibitors
1411,sofosbuvir; velpatasvir; voxilaprevir,nucleotide analogues,hcv inhibitors
1412,solifenacin succinate,"antimuscarinics, urinary",None
1413,somatropin,None,None
1414,sorafenib,protein kinase inhibitors,None
1415,sotalol hydrochloride,"beta blocking agents, non-selective",None
1416,soybean oil,ocular lubricants,None
1417,spironolactone,aldosterone antagonists,None
1418,spironolactone; furosemide,aldosterone antagonists,loop diuretics
1419,st john's wort,None,None
1420,sterculia,bulk-forming laxatives,None
1421,sterculia; frangula,bulk-forming laxatives,None
1422,stiripentol,antiepileptics,None
1423,streptokinase,tissue plasminogen activators,None
1424,streptomycin,aminoglycosides,None
1425,streptozocin,alkylating agents,None
1426,strontium ranelate,bone resorption inhibitors,None
1427,sucralfate,None,None
1428,sucroferric oxyhydroxide,phosphate binders,None
1429,sugammadex,"antidotes and chelators, other",None
1430,sulfadiazine,sulfonamides,None
1431,sulfasalazine,aminosalicylates,None
1432,sulindac,non-steroidal anti-inflammatory drugs,None
1433,sulpiride,"antipsychotics, first-generation",None
1434,sumatriptan,triptans,None
1435,sunitinib,protein kinase inhibitors,None
1436,suxamethonium chloride,None,None
1437,tacalcitol,vitamin d and analogues,None
1438,tacrolimus,calcineurin inhibitors and related drugs,None
1439,tadalafil,phosphodiesterase type-5 inhibitors,None
1440,tafamidis,neuroprotective drugs,None
1441,tafluprost,prostaglandins and analogues,None
1442,tafluprost; timolol,prostaglandins and analogues,"beta blocking agents, non-selective"
1443,talazoparib,"antineoplastics, other",None
1444,talimogene laherparepvec,"antineoplastics, other",None
1445,tamoxifen,anti-oestrogens,None
1446,tamsulosin hydrochloride,alpha-adrenoceptor blockers,None
1447,tamsulosin; dutasteride,alpha-adrenoceptor blockers,5α-reductase inhibitors
1448,tamsulosin; solifenacin,alpha-adrenoceptor blockers,"antimuscarinics, urinary"
1449,tapentadol,opioids,None
1450,tazarotene,retinoid and related drugs,None
1451,tedizolid,"antibacterials, other",None
1452,teduglutide,amino acids and derivatives,None
1453,tegafur; gimeracil; oteracil,antimetabolites,None
1454,teicoplanin,glycopeptide antibacterials,None
1455,telavancin,glycopeptide antibacterials,None
1456,telbivudine,nucleoside analogues,None
1457,telmisartan,angiotensin ii receptor antagonists,None
1458,telmisartan; hydrochlorothiazide,angiotensin ii receptor antagonists,thiazides and related diuretics
1459,telotristat ethyl,enzyme inhibitors,None
1460,temazepam,benzodiazepines,None
1461,temocillin,"penicillins, penicillinase-resistant",None
1462,temoporfin,photosensitisers,None
1463,temozolomide,alkylating agents,None
1464,temsirolimus,protein kinase inhibitors,None
1465,tenecteplase,tissue plasminogen activators,None
1466,tenofovir alafenamide,nucleoside reverse transcriptase inhibitors,None
1467,tenofovir disoproxil,nucleoside reverse transcriptase inhibitors,None
1468,tenoxicam,non-steroidal anti-inflammatory drugs,None
1469,terazosin,alpha-adrenoceptor blockers,None
1470,terbinafine,"antifungals, other",None
1471,terbutaline sulfate,selective beta2-agonists (short-acting),None
1472,teriflunomide,None,None
1473,teriparatide,parathyroid hormones and analogues,None
1474,terlipressin acetate,vasopressin and analogues,None
1475,testosterone,androgens,None
1476,"testosterone decanoate, isocaproate, phenylpropionate; propionate",androgens,None
1477,testosterone enantate,androgens,None
1478,testosterone propionate,androgens,None
1479,testosterone undecanoate,androgens,None
1480,tetanus immunoglobulin,immunoglobulins,None
1481,tetrabenazine,None,None
1482,tetracaine,"anaesthetics, local",None
1483,tetracosactide,None,None
1484,tetracycline,tetracyclines and related drugs,None
1485,tetrastarch,plasma substitutes,None
1486,tezacaftor; ivacaftor,mucolytics,None
1487,thalidomide,thalidomide and related analogues,None
1488,theophylline,xanthines,None
1489,thiamine,vitamin b group,None
1490,thiopental sodium,barbiturates,barbiturates
1491,thiotepa,alkylating agents,None
1492,thyrotropin alfa,None,None
1493,tiagabine,antiepileptics,None
1494,tiaprofenic acid,non-steroidal anti-inflammatory drugs,None
1495,tibolone,oestrogens,None
1496,ticagrelor,antiplatelet drugs,None
1497,ticarcillin; clavulanic acid,"penicillins, antipseudomonal with beta-lactamase inhibitor",None
1498,"tick-borne encephalitis vaccine, inactivated",viral vaccines,None
1499,tigecycline,tetracyclines and related drugs,None
1500,tildrakizumab,interleukin inhibitors,None
1501,timolol maleate,"beta blocking agents, non-selective",None
1502,timolol; amiloride; hydrochlorothiazide,"beta blocking agents, non-selective",thiazides and related diuretics
1503,timolol; bendroflumethiazide,"beta blocking agents, non-selective",thiazides and related diuretics
1504,tinidazole,nitroimidazole derivatives,None
1505,tinzaparin sodium,heparins,None
1506,tioconazole,imidazole antifungals,None
1507,tioguanine,antimetabolites,None
1508,tiotropium,"antimuscarinics, other",None
1509,tiotropium; olodaterol,"antimuscarinics, other",selective beta2-agonists (long-acting)
1510,tipranavir,"protease inhibitors, hiv",None
1511,tirofiban,glycoprotein iib/iiia inhibitors,None
1512,tivozanib,protein kinase inhibitors,None
1513,tizanidine,"muscle relaxants, centrally acting",None
1514,tobramycin,aminoglycosides,None
1515,tocilizumab,interleukin inhibitors,None
1516,tofacitinib,jak inhibitors,None
1517,tolbutamide,sulfonylureas,None
1518,tolcapone,catechol-o-methyltransferase inhibitors,None
1519,tolfenamic acid,non-steroidal anti-inflammatory drugs,None
1520,tolterodine tartrate,"antimuscarinics, urinary",None
1521,tolvaptan,None,None
1522,topiramate,antiepileptics,None
1523,topotecan,topoisomerase i inhibitors,None
1524,torasemide,loop diuretics,None
1525,toremifene,anti-oestrogens,None
1526,trabectedin,plant alkaloids,None
1527,tramadol hydrochloride,opioids,None
1528,tramadol; dexketoprofen,opioids,non-steroidal anti-inflammatory drugs
1529,tramadol; paracetamol,opioids,"analgesics, non-opioid"
1530,trametinib,protein kinase inhibitors,None
1531,trandolapril,ace inhibitors,None
1532,tranexamic acid,None,None
1533,tranylcypromine,"monoamine-oxidase a and b inhibitors, irreversible",None
1534,trastuzumab,monoclonal antibodies,None
1535,trastuzumab emtansine,monoclonal antibodies,None
1536,travoprost,prostaglandins and analogues,None
1537,travoprost; timolol,prostaglandins and analogues,"beta blocking agents, non-selective"
1538,trazodone hydrochloride,None,None
1539,tree pollen extract,allergen-type vaccines,None
1540,treosulfan,alkylating agents,None
1541,tretinoin,retinoid and related drugs,None
1542,tretinoin; clindamycin,retinoid and related drugs,lincosamides
1543,tretinoin; erythromycin,retinoid and related drugs,macrolides
1544,triamcinolone acetonide,corticosteroids,None
1545,triamcinolone hexacetonide,corticosteroids,None
1546,triamterene,"potassium-sparing diuretics, other",None
1547,triamterene; chlortalidone,"potassium-sparing diuretics, other",thiazides and related diuretics
1548,trientine dihydrochloride,copper chelators,None
1549,trifluoperazine,"antipsychotics, first-generation",None
1550,trifluridine; tipiracil,antimetabolites,None
1551,trihexyphenidyl hydrochloride,"antimuscarinics, other",None
1552,trimethoprim,"antibacterials, other",None
1553,trimipramine,tricyclic antidepressants,None
1554,triptorelin,gonadotrophin-releasing hormones,None
1555,tropicamide,"antimuscarinics, other",None
1556,tropicamide; phenylephrine; lidocaine,"sympathomimetics, vasoconstrictor","anaesthetics, local; antimuscarinics, other"
1557,trospium chloride,"antimuscarinics, urinary",None
1558,tryptophan,other antidepressants,None
1559,tuberculin purified protein derivative,"diagnostic agents, other",None
1560,typhoid vaccine,bacterial vaccines,None
1561,ulipristal acetate,progesterone receptor modulators,None
1562,umeclidinium,"antimuscarinics, other",None
1563,umeclidinium; vilanterol,"antimuscarinics, other",selective beta2-agonists (long-acting)
1564,undecenoic acid; zinc undecenoate,undecenoates,None
1565,upadacitinib,jak inhibitors,None
1566,urea (13c),"diagnostic agents, other",None
1567,urea hydrogen peroxide,softening drugs,None
1568,urofollitropin,gonadotrophins,None
1569,urokinase,tissue plasminogen activators,None
1570,ursodeoxycholic acid,bile acids,None
1571,ustekinumab,interleukin inhibitors,None
1572,valaciclovir,nucleoside analogues,None
1573,valganciclovir,nucleoside analogues,None
1574,valproic acid,antiepileptics,None
1575,valsartan,angiotensin ii receptor antagonists,None
1576,valsartan; hydrochlorothiazide,angiotensin ii receptor antagonists,thiazides and related diuretics
1577,vancomycin,glycopeptide antibacterials,None
1578,vandetanib,protein kinase inhibitors,None
1579,vardenafil,phosphodiesterase type-5 inhibitors,None
1580,varenicline,nicotinic receptor agonists,None
1581,varicella-zoster immunoglobulin,immunoglobulins,None
1582,varicella-zoster vaccine,viral vaccines,None
1583,vasopressin,vasopressin and analogues,None
1584,vecuronium bromide,"neuromuscular blocking drugs, non-depolarising",None
1585,vedolizumab,"monoclonal antibodies, anti-lymphocyte",None
1586,velaglucerase alfa,enzymes,None
1587,vemurafenib,protein kinase inhibitors,None
1588,venetoclax,"antineoplastics, other",None
1589,venlafaxine,serotonin and noradrenaline re-uptake inhibitors,None
1590,verapamil hydrochloride,calcium-channel blockers,None
1591,vernakalant,"antiarrhythmics, other",None
1592,verteporfin,photosensitisers,None
1593,vigabatrin,antiepileptics,None
1594,vildagliptin,dipeptidylpeptidase-4 inhibitors (gliptins),None
1595,vildagliptin; metformin,dipeptidylpeptidase-4 inhibitors (gliptins),biguanides
1596,vinblastine sulfate,vinca alkaloids,None
1597,vincristine sulfate,vinca alkaloids,None
1598,vindesine sulfate,vinca alkaloids,None
1599,vinflunine,vinca alkaloids,None
1600,vinorelbine,vinca alkaloids,None
1601,vismodegib,"antineoplastics, other",None
1602,vitamin a,None,None
1603,vitamin b complex,vitamin b group,None
1604,vitamin b substances; ascorbic acid,vitamin b group,vitamin c
1605,vitamins a; d,multivitamins,None
1606,"vitamins a, c; d",multivitamins,None
1607,vitamins; minerals; trace elements,vitamin b group,None
1608,volanesorsen,"lipid modifying drugs, other",None
1609,voriconazole,triazole antifungals,None
1610,vortioxetine,other antidepressants,None
1611,warfarin sodium,vitamin k antagonists,None
1612,wasp venom extract,allergen-type vaccines,None
1613,xipamide,thiazides and related diuretics,None
1614,xylometazoline hydrochloride,"sympathomimetics, vasoconstrictor",None
1615,"yellow fever vaccine, live",viral vaccines,None
1616,zanamivir,neuraminidase inhibitors,None
1617,zidovudine,nucleoside reverse transcriptase inhibitors,None
1618,zidovudine; lamivudine,nucleoside reverse transcriptase inhibitors,None
1619,zinc acetate,None,None
1620,zinc sulfate,None,None
1621,zoledronic acid,bisphosphonates,None
1622,zolmitriptan,triptans,None
1623,zolpidem tartrate,non-benzodiazepine hypnotics and sedatives,None
1624,zonisamide,antiepileptics,None
1625,zopiclone,non-benzodiazepine hypnotics and sedatives,None
1626,zuclopenthixol,"antipsychotics, first-generation",None
1627,zuclopenthixol acetate,"antipsychotics, first-generation",None
1628,zuclopenthixol decanoate,"antipsychotics, first-generation (depot injections)",None
